Marcos,(92) 9010-4834,Margarida_Reis@bol.com.br,Mon Jun 09 2025 18:47:51 GMT-0300 (Horário Padrão de Brasília)
Paulo,(25) 48458-8158,Laura47@live.com,Sun Sep 14 2025 07:42:08 GMT-0300 (Horário Padrão de Brasília)
Mércia,(58) 10575-1071,Guilherme.Carvalho@bol.com.br,Wed Jul 30 2025 01:20:37 GMT-0300 (Horário Padrão de Brasília)
Silas,(07) 32693-8057,Mercia_Moraes80@live.com,Sat Feb 28 2026 07:20:58 GMT-0300 (Horário Padrão de Brasília)
Ana Júlia,(66) 5266-0769,Dalila.Saraiva@hotmail.com,Thu Feb 12 2026 10:01:22 GMT-0300 (Horário Padrão de Brasília)
Antonella,+55 (87) 8105-0416,Yasmin3@yahoo.com,Fri May 23 2025 15:30:03 GMT-0300 (Horário Padrão de Brasília)
Sirineu,(60) 92107-7939,Antonio.Batista18@yahoo.com,Fri Aug 29 2025 06:08:03 GMT-0300 (Horário Padrão de Brasília)
Lucca,(28) 62794-7297,Julia.Macedo98@live.com,Fri Feb 06 2026 05:04:42 GMT-0300 (Horário Padrão de Brasília)
Tertuliano,+55 (46) 5990-5346,Lavinia59@gmail.com,Sat Sep 20 2025 23:19:27 GMT-0300 (Horário Padrão de Brasília)
Ana Júlia,(01) 6743-9273,Deneval.Macedo@live.com,Fri Sep 19 2025 07:17:50 GMT-0300 (Horário Padrão de Brasília)
Emanuelly,+55 (00) 9736-1788,AnaClara.Reis98@hotmail.com,Sat May 24 2025 09:26:58 GMT-0300 (Horário Padrão de Brasília)
Roberto,(85) 53419-3866,Samuel95@live.com,Mon Sep 08 2025 09:30:45 GMT-0300 (Horário Padrão de Brasília)
Caio,(56) 23301-0350,Rafaela.Moraes64@live.com,Fri May 16 2025 03:58:47 GMT-0300 (Horário Padrão de Brasília)
Yuri,(90) 02858-4354,Maite44@gmail.com,Tue Jan 13 2026 04:31:25 GMT-0300 (Horário Padrão de Brasília)
Márcia,(87) 8785-4881,Gabriel0@live.com,Fri Oct 17 2025 09:05:13 GMT-0300 (Horário Padrão de Brasília)
Daniel,+55 (06) 3099-0226,Cecilia_Barros51@hotmail.com,Wed Oct 22 2025 10:47:09 GMT-0300 (Horário Padrão de Brasília)
Marcela,+55 (04) 4161-6350,Sophia.Martins@hotmail.com,Thu May 29 2025 00:02:22 GMT-0300 (Horário Padrão de Brasília)
Calebe,+55 (51) 2465-2763,Sara_Braga46@bol.com.br,Tue Dec 16 2025 21:02:06 GMT-0300 (Horário Padrão de Brasília)
Morgana,+55 (51) 7924-2707,Lucca53@hotmail.com,Mon May 12 2025 16:47:17 GMT-0300 (Horário Padrão de Brasília)
Gabriel,+55 (14) 9421-6796,Laura67@live.com,Sat Jun 14 2025 05:24:19 GMT-0300 (Horário Padrão de Brasília)
Célia,(10) 41412-5423,Gael.Santos61@live.com,Sat Aug 09 2025 00:02:38 GMT-0300 (Horário Padrão de Brasília)
Calebe,(54) 4954-9243,Elisa70@hotmail.com,Sun Jun 01 2025 09:28:34 GMT-0300 (Horário Padrão de Brasília)
Ana Laura,+55 (50) 4198-8931,Elisio_Moreira@live.com,Wed May 21 2025 21:41:22 GMT-0300 (Horário Padrão de Brasília)
Pedro,(91) 22014-4238,Paula_Braga50@hotmail.com,Fri Apr 11 2025 02:56:32 GMT-0300 (Horário Padrão de Brasília)
Giovanna,(24) 52365-5985,Celia.Carvalho31@bol.com.br,Thu Feb 12 2026 09:23:49 GMT-0300 (Horário Padrão de Brasília)
Bryan,+55 (36) 4862-8470,AnaLaura.Batista@yahoo.com,Mon Apr 14 2025 21:34:51 GMT-0300 (Horário Padrão de Brasília)
Maria Luiza,(63) 9874-2613,JoaoLucas33@yahoo.com,Fri Jul 04 2025 05:45:52 GMT-0300 (Horário Padrão de Brasília)
Esther,(72) 9685-3349,Calebe_Franco54@yahoo.com,Sat Aug 09 2025 01:34:31 GMT-0300 (Horário Padrão de Brasília)
Margarida,(55) 7765-6907,Mariana.Moraes47@yahoo.com,Thu Mar 13 2025 11:15:14 GMT-0300 (Horário Padrão de Brasília)
Emanuel,+55 (08) 9506-3300,Celia_Martins@bol.com.br,Wed Mar 04 2026 11:00:58 GMT-0300 (Horário Padrão de Brasília)
Paulo,(68) 38440-0672,Alice18@hotmail.com,Mon Dec 01 2025 13:41:54 GMT-0300 (Horário Padrão de Brasília)
Pedro Henrique,(25) 73229-7528,Clara61@gmail.com,Thu Jun 26 2025 23:15:07 GMT-0300 (Horário Padrão de Brasília)
Deneval,(88) 1844-7413,Nicolas.Nogueira42@yahoo.com,Tue May 06 2025 05:09:00 GMT-0300 (Horário Padrão de Brasília)
Clara,(59) 75793-9440,Felix.Costa@yahoo.com,Sat Nov 22 2025 16:41:57 GMT-0300 (Horário Padrão de Brasília)
Gúbio,+55 (63) 9575-2452,MariaClara_Batista20@bol.com.br,Sun Apr 27 2025 14:45:04 GMT-0300 (Horário Padrão de Brasília)
Vitor,(32) 1458-6349,Vitor_Melo5@live.com,Fri Nov 14 2025 13:13:55 GMT-0300 (Horário Padrão de Brasília)
Fábio,+55 (24) 8159-1951,DaviLucca35@yahoo.com,Sat Sep 27 2025 00:31:40 GMT-0300 (Horário Padrão de Brasília)
Isis,(79) 95572-5904,Felipe.Batista19@live.com,Mon Jul 07 2025 12:57:26 GMT-0300 (Horário Padrão de Brasília)
Alícia,+55 (83) 8823-4527,Isaac.Oliveira@hotmail.com,Tue Jun 10 2025 01:46:12 GMT-0300 (Horário Padrão de Brasília)
Henrique,(42) 68649-1990,MariaCecilia30@hotmail.com,Tue Jul 22 2025 22:02:29 GMT-0300 (Horário Padrão de Brasília)
Ana Laura,+55 (22) 6816-1565,Ricardo_Martins@gmail.com,Thu Aug 14 2025 18:41:57 GMT-0300 (Horário Padrão de Brasília)
Ana Luiza,(01) 7729-5265,Carla_Moraes@gmail.com,Sun Sep 28 2025 12:27:48 GMT-0300 (Horário Padrão de Brasília)
Mariana,+55 (95) 3482-5722,Cesar38@live.com,Fri May 02 2025 19:17:35 GMT-0300 (Horário Padrão de Brasília)
Paulo,(20) 90387-0903,Marcos.Batista72@live.com,Tue Dec 09 2025 07:07:26 GMT-0300 (Horário Padrão de Brasília)
Caio,(62) 42330-8463,Enzo26@hotmail.com,Mon Mar 10 2025 11:55:39 GMT-0300 (Horário Padrão de Brasília)
Mércia,(64) 3577-4583,Elisio36@live.com,Sun Nov 23 2025 12:44:48 GMT-0300 (Horário Padrão de Brasília)
Washington,+55 (38) 9345-2015,Gabriel_Silva40@yahoo.com,Sat Mar 29 2025 02:05:00 GMT-0300 (Horário Padrão de Brasília)
Emanuel,+55 (94) 4872-6318,Alicia.Pereira39@yahoo.com,Thu Jul 31 2025 18:09:34 GMT-0300 (Horário Padrão de Brasília)
Deneval,(74) 31574-2702,Calebe.Costa0@yahoo.com,Sun Apr 20 2025 08:17:28 GMT-0300 (Horário Padrão de Brasília)
Ana Clara,(01) 04206-5067,Mariana.Melo26@bol.com.br,Thu Jun 26 2025 04:33:09 GMT-0300 (Horário Padrão de Brasília)
Marina,+55 (03) 9912-9787,Murilo_Melo@gmail.com,Fri Sep 26 2025 21:47:58 GMT-0300 (Horário Padrão de Brasília)
Heitor,(30) 57953-2831,EnzoGabriel_Moreira35@gmail.com,Fri Jun 27 2025 00:40:02 GMT-0300 (Horário Padrão de Brasília)
Roberto,+55 (73) 8411-5973,Igor76@bol.com.br,Sun May 04 2025 22:08:05 GMT-0300 (Horário Padrão de Brasília)
Heitor,(68) 45709-4436,Bryan.Albuquerque56@live.com,Tue Aug 12 2025 17:50:59 GMT-0300 (Horário Padrão de Brasília)
Eduardo,(30) 06105-4015,Emanuelly.Reis51@live.com,Thu Mar 06 2025 22:18:07 GMT-0300 (Horário Padrão de Brasília)
Isadora,(13) 02345-9767,Bernardo.Silva@bol.com.br,Wed May 28 2025 04:30:32 GMT-0300 (Horário Padrão de Brasília)
Morgana,+55 (09) 0747-7983,Yango51@yahoo.com,Mon Sep 08 2025 04:00:43 GMT-0300 (Horário Padrão de Brasília)
Ana Júlia,(47) 78169-6012,Warley50@live.com,Wed Apr 23 2025 02:28:40 GMT-0300 (Horário Padrão de Brasília)
Joana,(72) 1994-8465,MariaEduarda_Barros91@gmail.com,Tue Oct 28 2025 00:51:49 GMT-0300 (Horário Padrão de Brasília)
Roberto,(74) 05493-7288,MariaLuiza.Martins13@yahoo.com,Thu Dec 18 2025 23:11:43 GMT-0300 (Horário Padrão de Brasília)
Isabel,(68) 97402-8630,Liz.Melo@live.com,Fri Nov 21 2025 10:05:44 GMT-0300 (Horário Padrão de Brasília)
Lorena,(44) 0398-1870,Gustavo.Albuquerque@bol.com.br,Sat Feb 07 2026 09:15:37 GMT-0300 (Horário Padrão de Brasília)
Maitê,+55 (71) 4001-7414,EnzoGabriel_Souza@hotmail.com,Tue Jun 03 2025 20:10:02 GMT-0300 (Horário Padrão de Brasília)
Manuela,(77) 26847-9907,Valentina52@yahoo.com,Sun Oct 19 2025 21:01:49 GMT-0300 (Horário Padrão de Brasília)
Melissa,(94) 50351-4088,Julio62@live.com,Mon Sep 15 2025 02:07:32 GMT-0300 (Horário Padrão de Brasília)
Morgana,+55 (12) 7145-9563,JoaoPedro33@bol.com.br,Sun Nov 30 2025 17:15:14 GMT-0300 (Horário Padrão de Brasília)
Morgana,+55 (33) 0806-6701,Fabricio_Melo78@gmail.com,Mon Mar 31 2025 02:16:06 GMT-0300 (Horário Padrão de Brasília)
Liz,(79) 94003-4349,Caio_Oliveira@yahoo.com,Mon Jan 05 2026 11:32:20 GMT-0300 (Horário Padrão de Brasília)
João Pedro,(02) 92992-6950,MariaJulia_Martins@yahoo.com,Wed Mar 04 2026 20:22:03 GMT-0300 (Horário Padrão de Brasília)
Marina,(93) 74278-0636,Kleber_Reis@yahoo.com,Sun Nov 02 2025 00:36:16 GMT-0300 (Horário Padrão de Brasília)
Laura,(79) 98476-1739,Yuri61@live.com,Thu Nov 20 2025 21:57:50 GMT-0300 (Horário Padrão de Brasília)
Benjamin,+55 (15) 8047-0428,MariaHelena_Silva@live.com,Sat Sep 06 2025 18:32:37 GMT-0300 (Horário Padrão de Brasília)
Murilo,+55 (35) 6675-3370,Eduardo56@yahoo.com,Sat Feb 14 2026 09:49:30 GMT-0300 (Horário Padrão de Brasília)
Marcelo,+55 (53) 0208-3692,Eduardo_Saraiva@gmail.com,Wed Oct 01 2025 22:46:45 GMT-0300 (Horário Padrão de Brasília)
Nicolas,(20) 9071-2297,Beatriz99@yahoo.com,Thu May 29 2025 18:48:38 GMT-0300 (Horário Padrão de Brasília)
Antonella,+55 (62) 5127-0628,Larissa_Souza@yahoo.com,Mon Jan 12 2026 20:34:51 GMT-0300 (Horário Padrão de Brasília)
Eloá,(02) 0267-6590,Marcelo_Batista10@yahoo.com,Sun Jan 25 2026 07:47:20 GMT-0300 (Horário Padrão de Brasília)
Núbia,(45) 7924-7574,Roberta.Nogueira@live.com,Fri Jan 16 2026 06:44:52 GMT-0300 (Horário Padrão de Brasília)
Márcia,+55 (71) 0544-5971,Guilherme.Barros71@gmail.com,Thu Jan 22 2026 13:11:44 GMT-0300 (Horário Padrão de Brasília)
Marcela,(58) 13114-9751,Gustavo67@live.com,Fri Jun 06 2025 13:32:43 GMT-0300 (Horário Padrão de Brasília)
João Miguel,(95) 09634-5236,Nubia.Silva@yahoo.com,Sat Mar 15 2025 09:47:57 GMT-0300 (Horário Padrão de Brasília)
Eloá,+55 (84) 4774-8917,Isabela_Braga82@bol.com.br,Fri May 16 2025 15:49:42 GMT-0300 (Horário Padrão de Brasília)
Gabriel,(37) 9310-2502,Nataniel_Albuquerque86@live.com,Tue Mar 03 2026 16:22:48 GMT-0300 (Horário Padrão de Brasília)
Aline,(11) 93350-1556,Igor77@yahoo.com,Sat Mar 08 2025 15:13:53 GMT-0300 (Horário Padrão de Brasília)
Mércia,(52) 7727-2983,Lorraine_Moreira41@live.com,Wed Apr 02 2025 21:22:22 GMT-0300 (Horário Padrão de Brasília)
Antônio,(76) 1803-3503,Heitor.Souza61@yahoo.com,Wed Oct 15 2025 10:59:31 GMT-0300 (Horário Padrão de Brasília)
Arthur,(39) 3454-9133,Eduardo_Xavier@yahoo.com,Wed Dec 10 2025 00:11:19 GMT-0300 (Horário Padrão de Brasília)
Nataniel,(03) 87879-3193,Isabel53@yahoo.com,Sun Aug 24 2025 10:15:21 GMT-0300 (Horário Padrão de Brasília)
Ana Clara,+55 (24) 1185-7027,Roberta_Moraes@bol.com.br,Thu Dec 11 2025 08:35:27 GMT-0300 (Horário Padrão de Brasília)
Ofélia,(92) 52510-0142,Marcia.Barros42@live.com,Fri Jun 06 2025 03:15:06 GMT-0300 (Horário Padrão de Brasília)
Fábio,(75) 7979-0079,Bryan_Souza84@live.com,Sun Mar 23 2025 11:36:14 GMT-0300 (Horário Padrão de Brasília)
Paula,(14) 8736-3596,Liz.Macedo1@gmail.com,Sat Jun 14 2025 05:20:12 GMT-0300 (Horário Padrão de Brasília)
Marcelo,+55 (49) 6233-0575,Emanuel_Souza@yahoo.com,Mon May 12 2025 21:35:09 GMT-0300 (Horário Padrão de Brasília)
Matheus,(15) 2313-6220,Talita89@hotmail.com,Sun Jan 11 2026 03:54:34 GMT-0300 (Horário Padrão de Brasília)
Rebeca,+55 (81) 3221-8244,JoaoPedro_Melo65@live.com,Wed Sep 10 2025 06:25:37 GMT-0300 (Horário Padrão de Brasília)
Júlio César,+55 (94) 7660-4664,Igor_Saraiva@yahoo.com,Mon Oct 13 2025 22:19:36 GMT-0300 (Horário Padrão de Brasília)
Davi Lucca,(04) 9228-1980,Julia73@gmail.com,Sun Dec 21 2025 15:52:38 GMT-0300 (Horário Padrão de Brasília)
Tertuliano,(68) 18759-9336,Emanuelly75@hotmail.com,Mon Dec 15 2025 04:34:40 GMT-0300 (Horário Padrão de Brasília)
Natália,(25) 08053-3217,Silas_Xavier91@gmail.com,Sat Mar 22 2025 02:56:00 GMT-0300 (Horário Padrão de Brasília)
Maria Helena,(13) 36381-9867,Valentina.Silva@yahoo.com,Wed Aug 13 2025 16:30:23 GMT-0300 (Horário Padrão de Brasília)
